<?xml version="1.0" encoding="UTF-8"?>
<document type="com.apple.InterfaceBuilder3.CocoaTouch.Storyboard.XIB" version="3.0" toolsVersion="19162" targetRuntime="iOS.CocoaTouch" propertyAccessControl="none" useAutolayout="YES" useTraitCollections="YES" useSafeAreas="YES" colorMatched="YES" initialViewController="AUJ-x3-5O2">
    <device id="retina6_1" orientation="portrait" appearance="light"/>
    <dependencies>
        <plugIn identifier="com.apple.InterfaceBuilder.IBCocoaTouchPlugin" version="19144"/>
        <capability name="Named colors" minToolsVersion="9.0"/>
        <capability name="Safe area layout guides" minToolsVersion="9.0"/>
        <capability name="System colors in document resources" minToolsVersion="11.0"/>
        <capability name="documents saved in the Xcode 8 format" minToolsVersion="8.0"/>
    </dependencies>
    <scenes>
        <!--View Controller-->
        <scene sceneID="tne-QT-ifu">
            <objects>
                <viewController id="BYZ-38-t0r" customClass="ViewController" customModule="KhaiDai" customModuleProvider="target" sceneMemberID="viewController">
                    <view key="view" contentMode="scaleToFill" id="8bC-Xf-vdC">
                        <rect key="frame" x="0.0" y="0.0" width="414" height="896"/>
                        <autoresizingMask key="autoresizingMask" widthSizable="YES" heightSizable="YES"/>
                        <subviews>
                            <stackView opaque="NO" contentMode="scaleToFill" axis="vertical" spacing="20" translatesAutoresizingMaskIntoConstraints="NO" id="iKL-ee-Iqu">
                                <rect key="frame" x="40" y="682" width="334" height="91"/>
                                <subviews>
                                    <button opaque="NO" contentMode="scaleToFill" contentHorizontalAlignment="center" contentVerticalAlignment="center" buttonType="system" lineBreakMode="middleTruncation" translatesAutoresizingMaskIntoConstraints="NO" id="JQx-0R-eNo">
                                        <rect key="frame" x="0.0" y="0.0" width="334" height="31"/>
                                        <state key="normal" title="Button"/>
                                        <buttonConfiguration key="configuration" style="plain" title="Sign Up"/>
                                        <connections>
                                            <segue destination="EP4-zf-DYE" kind="show" id="0qV-5P-EjI"/>
                                        </connections>
                                    </button>
                                    <button opaque="NO" contentMode="scaleToFill" contentHorizontalAlignment="center" contentVerticalAlignment="center" buttonType="system" lineBreakMode="middleTruncation" translatesAutoresizingMaskIntoConstraints="NO" id="4iW-HC-hbO">
                                        <rect key="frame" x="0.0" y="51" width="334" height="40"/>
                                        <constraints>
                                            <constraint firstAttribute="height" constant="40" id="6kP-UM-hiE"/>
                                        </constraints>
                                        <state key="normal" title="Button"/>
                                        <buttonConfiguration key="configuration" style="plain" title="Log In"/>
                                        <connections>
                                            <segue destination="k7Y-Ew-191" kind="show" id="Msc-sb-K92"/>
                                        </connections>
                                    </button>
                                </subviews>
                                <constraints>
                                    <constraint firstItem="4iW-HC-hbO" firstAttribute="height" secondItem="JQx-0R-eNo" secondAttribute="height" multiplier="1.29032" id="vKw-AW-G4d"/>
                                </constraints>
                            </stackView>
                        </subviews>
                        <viewLayoutGuide key="safeArea" id="6Tk-OE-BBY"/>
                        <color key="backgroundColor" systemColor="systemBackgroundColor"/>
                        <constraints>
                            <constraint firstItem="6Tk-OE-BBY" firstAttribute="trailing" secondItem="iKL-ee-Iqu" secondAttribute="trailing" constant="40" id="74i-m0-yZo"/>
                            <constraint firstItem="iKL-ee-Iqu" firstAttribute="leading" secondItem="6Tk-OE-BBY" secondAttribute="leading" constant="40" id="vxE-kW-Z5f"/>
                            <constraint firstItem="6Tk-OE-BBY" firstAttribute="bottom" secondItem="iKL-ee-Iqu" secondAttribute="bottom" constant="40" id="x46-to-alF"/>
                        </constraints>
                    </view>
                    <navigationItem key="navigationItem" id="R8K-3u-X1D"/>
                    <connections>
                        <outlet property="LogInButton" destination="4iW-HC-hbO" id="67P-Bz-NmR"/>
                        <outlet property="SignUpButton" destination="JQx-0R-eNo" id="MGq-wd-XkG"/>
                    </connections>
                </viewController>
                <placeholder placeholderIdentifier="IBFirstResponder" id="dkx-z0-nzr" sceneMemberID="firstResponder"/>
            </objects>
            <point key="canvasLocation" x="910" y="368"/>
        </scene>
        <!--Navigation Controller-->
        <scene sceneID="B2B-L7-gTN">
            <objects>
                <navigationController automaticallyAdjustsScrollViewInsets="NO" toolbarHidden="NO" hidesBarsWhenKeyboardAppears="YES" id="AUJ-x3-5O2" customClass="NavigationController" sceneMemberID="viewController">
                    <toolbarItems/>
                    <navigationBar key="navigationBar" contentMode="scaleToFill" id="bF4-5D-h52">
                        <rect key="frame" x="0.0" y="44" width="414" height="44"/>
                        <autoresizingMask key="autoresizingMask"/>
                    </navigationBar>
                    <nil name="viewControllers"/>
                    <toolbar key="toolbar" opaque="NO" clearsContextBeforeDrawing="NO" contentMode="scaleToFill" insetsLayoutMarginsFromSafeArea="NO" id="72w-XZ-eJT">
                        <rect key="frame" x="0.0" y="813" width="414" height="49"/>
                        <autoresizingMask key="autoresizingMask"/>
                    </toolbar>
                    <connections>
                        <segue destination="BYZ-38-t0r" kind="relationship" relationship="rootViewController" id="fDn-bM-YMK"/>
                    </connections>
                </navigationController>
                <placeholder placeholderIdentifier="IBFirstResponder" id="pbF-Ep-a0g" userLabel="First Responder" customClass="UIResponder" sceneMemberID="firstResponder"/>
            </objects>
            <point key="canvasLocation" x="18.840579710144929" y="81.696428571428569"/>
        </scene>
        <!--Home View Controller-->
        <scene sceneID="xjI-1o-UH5">
            <objects>
                <viewController storyboardIdentifier="HomeVC" id="b5N-BN-ovh" customClass="HomeViewController" customModule="KhaiDai" customModuleProvider="target" sceneMemberID="viewController">
                    <view key="view" contentMode="scaleToFill" id="I86-FR-b3a">
                        <rect key="frame" x="0.0" y="0.0" width="414" height="896"/>
                        <autoresizingMask key="autoresizingMask" widthSizable="YES" heightSizable="YES"/>
                        <subviews>
                            <button opaque="NO" contentMode="scaleToFill" contentHorizontalAlignment="leading" contentVerticalAlignment="center" buttonType="system" lineBreakMode="middleTruncation" translatesAutoresizingMaskIntoConstraints="NO" id="acO-6L-W4X">
                                <rect key="frame" x="2" y="167" width="112" height="31"/>
                                <state key="normal" title="Button"/>
                                <buttonConfiguration key="configuration" style="plain" title="Settings"/>
                                <connections>
                                    <segue destination="4UZ-WX-YC0" kind="show" id="Bna-kz-F5x"/>
                                </connections>
                            </button>
                            <button opaque="NO" contentMode="scaleToFill" contentHorizontalAlignment="leading" contentVerticalAlignment="center" buttonType="system" lineBreakMode="middleTruncation" translatesAutoresizingMaskIntoConstraints="NO" id="weA-aV-rI0">
                                <rect key="frame" x="2" y="206" width="112" height="31"/>
                                <state key="normal" title="Button"/>
                                <buttonConfiguration key="configuration" style="plain" title="About"/>
                                <connections>
                                    <segue destination="115-CE-gkz" kind="show" id="rgw-df-7uF"/>
                                </connections>
                            </button>
                            <button opaque="NO" contentMode="scaleToFill" contentHorizontalAlignment="leading" contentVerticalAlignment="center" buttonType="system" lineBreakMode="middleTruncation" translatesAutoresizingMaskIntoConstraints="NO" id="aZq-IL-xcX">
                                <rect key="frame" x="2" y="245" width="112" height="31"/>
                                <state key="normal" title="Button"/>
                                <buttonConfiguration key="configuration" style="plain" title="Log Out"/>
                                <connections>
                                    <segue destination="BYZ-38-t0r" kind="show" id="nWJ-WA-d0u"/>
                                </connections>
                            </button>
                            <view contentMode="scaleToFill" translatesAutoresizingMaskIntoConstraints="NO" id="jH5-ET-sOA">
                                <rect key="frame" x="0.0" y="67" width="414" height="829"/>
                                <subviews>
                                    <button opaque="NO" contentMode="scaleToFill" fixedFrame="YES" contentHorizontalAlignment="center" contentVerticalAlignment="center" buttonType="system" lineBreakMode="middleTruncation" translatesAutoresizingMaskIntoConstraints="NO" id="ash-pg-5SO">
                                        <rect key="frame" x="159" y="176" width="73" height="31"/>
                                        <autoresizingMask key="autoresizingMask" flexibleMaxX="YES" flexibleMaxY="YES"/>
                                        <state key="normal" title="Button"/>
                                        <buttonConfiguration key="configuration" style="plain" title="Explore"/>
                                        <connections>
                                            <segue destination="G0k-yI-fQd" kind="show" id="udA-hY-dmp"/>
                                        </connections>
                                    </button>
                                    <button opaque="NO" contentMode="scaleToFill" fixedFrame="YES" contentHorizontalAlignment="center" contentVerticalAlignment="center" buttonType="system" lineBreakMode="middleTruncation" translatesAutoresizingMaskIntoConstraints="NO" id="exC-Ta-C6N">
                                        <rect key="frame" x="144" y="507" width="102" height="31"/>
                                        <autoresizingMask key="autoresizingMask" flexibleMaxX="YES" flexibleMaxY="YES"/>
                                        <state key="normal" title="Button"/>
                                        <buttonConfiguration key="configuration" style="plain" title="Restaurants"/>
                                        <connections>
                                            <segue destination="tcF-4t-NCh" kind="show" id="zYG-b7-DHh"/>
                                        </connections>
                                    </button>
                                    <button opaque="NO" contentMode="scaleToFill" fixedFrame="YES" contentHorizontalAlignment="center" contentVerticalAlignment="center" buttonType="system" lineBreakMode="middleTruncation" translatesAutoresizingMaskIntoConstraints="NO" id="vMT-SS-UGd">
                                        <rect key="frame" x="158" y="393" width="99" height="31"/>
                                        <autoresizingMask key="autoresizingMask" flexibleMaxX="YES" flexibleMaxY="YES"/>
                                        <state key="normal" title="Button"/>
                                        <buttonConfiguration key="configuration" style="plain" title="My Recipes"/>
                                        <connections>
                                            <segue destination="OhV-Ka-wRe" kind="show" id="SFM-5q-UZi"/>
                                        </connections>
                                    </button>
                                </subviews>
                                <color key="backgroundColor" systemColor="systemOrangeColor"/>
                            </view>
                        </subviews>
                        <viewLayoutGuide key="safeArea" id="Cm5-jV-Fhu"/>
                        <color key="backgroundColor" systemColor="systemBackgroundColor"/>
                        <constraints>
                            <constraint firstItem="acO-6L-W4X" firstAttribute="leading" secondItem="weA-aV-rI0" secondAttribute="leading" id="2cx-7d-9iY"/>
                            <constraint firstItem="Cm5-jV-Fhu" firstAttribute="trailing" secondItem="acO-6L-W4X" secondAttribute="trailing" constant="300" id="30W-t6-cg5"/>
                            <constraint firstItem="aZq-IL-xcX" firstAttribute="top" secondItem="weA-aV-rI0" secondAttribute="bottom" constant="8" symbolic="YES" id="Cui-Ug-Vx4"/>
                            <constraint firstItem="aZq-IL-xcX" firstAttribute="leading" secondItem="I86-FR-b3a" secondAttribute="leading" constant="2" id="DtV-GX-kBR"/>
                            <constraint firstItem="jH5-ET-sOA" firstAttribute="leading" secondItem="Cm5-jV-Fhu" secondAttribute="leading" id="FRr-Dk-Ri5"/>
                            <constraint firstItem="acO-6L-W4X" firstAttribute="leading" secondItem="I86-FR-b3a" secondAttribute="leading" constant="2" id="H5v-0C-BpE"/>
                            <constraint firstItem="Cm5-jV-Fhu" firstAttribute="trailing" secondItem="aZq-IL-xcX" secondAttribute="trailing" constant="300" id="IK4-eZ-rfX"/>
                            <constraint firstItem="jH5-ET-sOA" firstAttribute="bottom" secondItem="Cm5-jV-Fhu" secondAttribute="bottom" constant="83" id="UiP-jz-eO4"/>
                            <constraint firstItem="Cm5-jV-Fhu" firstAttribute="trailing" secondItem="jH5-ET-sOA" secondAttribute="trailing" id="V4S-fr-koc"/>
                            <constraint firstItem="acO-6L-W4X" firstAttribute="top" secondItem="Cm5-jV-Fhu" secondAttribute="top" constant="123" id="aGh-Qd-hw8"/>
                            <constraint firstItem="jH5-ET-sOA" firstAttribute="top" secondItem="Cm5-jV-Fhu" secondAttribute="top" constant="23" id="gpx-JQ-Rcm"/>
                            <constraint firstItem="Cm5-jV-Fhu" firstAttribute="trailing" secondItem="weA-aV-rI0" secondAttribute="trailing" constant="300" id="mae-Lw-oyt"/>
                            <constraint firstItem="weA-aV-rI0" firstAttribute="top" secondItem="acO-6L-W4X" secondAttribute="bottom" constant="8" symbolic="YES" id="yvM-C3-XIB"/>
                        </constraints>
                    </view>
                    <toolbarItems/>
                    <navigationItem key="navigationItem" id="KgZ-iC-SxL">
                        <barButtonItem key="leftBarButtonItem" title="Menu" id="X5L-7Y-4iB">
                            <connections>
                                <action selector="menu_tapped:" destination="b5N-BN-ovh" id="cLZ-Rg-UbV"/>
                            </connections>
                        </barButtonItem>
                    </navigationItem>
                    <simulatedToolbarMetrics key="simulatedBottomBarMetrics"/>
                    <connections>
                        <outlet property="leading" destination="FRr-Dk-Ri5" id="bCV-rw-28i"/>
                        <outlet property="trailing" destination="V4S-fr-koc" id="leU-9p-aPV"/>
                    </connections>
                </viewController>
                <placeholder placeholderIdentifier="IBFirstResponder" id="jYG-ue-Sag" userLabel="First Responder" customClass="UIResponder" sceneMemberID="firstResponder"/>
            </objects>
            <point key="canvasLocation" x="2830.434782608696" y="427.90178571428572"/>
        </scene>
        <!--My Recipes-->
        <scene sceneID="LR4-ab-agK">
            <objects>
                <viewController id="OhV-Ka-wRe" customClass="My_Recipes" customModule="KhaiDai" customModuleProvider="target" sceneMemberID="viewController">
                    <view key="view" contentMode="scaleToFill" id="AlE-I7-RIn">
                        <rect key="frame" x="0.0" y="0.0" width="414" height="896"/>
                        <autoresizingMask key="autoresizingMask" widthSizable="YES" heightSizable="YES"/>
                        <subviews>
                            <button opaque="NO" contentMode="scaleToFill" fixedFrame="YES" contentHorizontalAlignment="center" contentVerticalAlignment="center" buttonType="system" lineBreakMode="middleTruncation" translatesAutoresizingMaskIntoConstraints="NO" id="Ai5-Ge-HBG">
                                <rect key="frame" x="219" y="169" width="162" height="48"/>
                                <autoresizingMask key="autoresizingMask" flexibleMaxX="YES" flexibleMaxY="YES"/>
                                <color key="backgroundColor" name="AccentColor"/>
                                <color key="tintColor" white="1" alpha="1" colorSpace="custom" customColorSpace="genericGamma22GrayColorSpace"/>
                                <state key="normal" title="Button"/>
                                <buttonConfiguration key="configuration" style="plain" title="+">
                                    <backgroundConfiguration key="background"/>
                                    <color key="baseForegroundColor" white="1" alpha="1" colorSpace="custom" customColorSpace="genericGamma22GrayColorSpace"/>
                                </buttonConfiguration>
                                <connections>
                                    <segue destination="TRy-AR-raZ" kind="show" id="8H3-5T-y1x"/>
                                </connections>
                            </button>
                        </subviews>
                        <viewLayoutGuide key="safeArea" id="coY-GU-UNe"/>
                        <color key="backgroundColor" systemColor="systemBackgroundColor"/>
                    </view>
                    <navigationItem key="navigationItem" id="jDc-DO-dDK"/>
                </viewController>
                <placeholder placeholderIdentifier="IBFirstResponder" id="fqw-6E-dXS" userLabel="First Responder" customClass="UIResponder" sceneMemberID="firstResponder"/>
            </objects>
            <point key="canvasLocation" x="3582.608695652174" y="884.59821428571422"/>
        </scene>
        <!--Restaurants-->
        <scene sceneID="dwO-EO-pYH">
            <objects>
                <viewController id="tcF-4t-NCh" customClass="Restaurants" sceneMemberID="viewController">
                    <view key="view" contentMode="scaleToFill" id="2D5-n7-TU6">
                        <rect key="frame" x="0.0" y="0.0" width="414" height="896"/>
                        <autoresizingMask key="autoresizingMask" widthSizable="YES" heightSizable="YES"/>
                        <viewLayoutGuide key="safeArea" id="chP-Xy-76A"/>
                        <color key="backgroundColor" systemColor="systemBackgroundColor"/>
                    </view>
                    <navigationItem key="navigationItem" id="rRB-eB-2Nz"/>
                </viewController>
                <placeholder placeholderIdentifier="IBFirstResponder" id="BPd-hO-9xI" userLabel="First Responder" customClass="UIResponder" sceneMemberID="firstResponder"/>
            </objects>
            <point key="canvasLocation" x="3632" y="1553"/>
        </scene>
        <!--Add Recipe View Controller-->
        <scene sceneID="ifX-e0-lRT">
            <objects>
                <viewController id="TRy-AR-raZ" customClass="Add_RecipeViewController" customModule="KhaiDai" customModuleProvider="target" sceneMemberID="viewController">
                    <view key="view" contentMode="scaleToFill" id="vyT-hr-Yrr">
                        <rect key="frame" x="0.0" y="0.0" width="414" height="896"/>
                        <autoresizingMask key="autoresizingMask" widthSizable="YES" heightSizable="YES"/>
                        <subviews>
                            <button contentMode="scaleToFill" verticalHuggingPriority="249" verticalCompressionResistancePriority="751" contentHorizontalAlignment="center" contentVerticalAlignment="center" buttonType="system" lineBreakMode="middleTruncation" translatesAutoresizingMaskIntoConstraints="NO" id="LpP-Ft-G3b">
                                <rect key="frame" x="78" y="130" width="258" height="42"/>
                                <constraints>
                                    <constraint firstAttribute="height" constant="42" id="zAV-cr-EX1"/>
                                </constraints>
                                <state key="normal" title="Button"/>
                                <buttonConfiguration key="configuration" style="gray" title="Recipe Image"/>
                                <connections>
                                    <action selector="addimage:" destination="TRy-AR-raZ" eventType="touchUpInside" id="TT0-gW-QDw"/>
                                </connections>
                            </button>
                            <imageView clipsSubviews="YES" userInteractionEnabled="NO" contentMode="scaleAspectFit" horizontalHuggingPriority="251" verticalHuggingPriority="251" highlighted="YES" translatesAutoresizingMaskIntoConstraints="NO" id="zly-BP-vmI">
                                <rect key="frame" x="78" y="180" width="258" height="164"/>
                                <color key="backgroundColor" systemColor="systemGray4Color"/>
                                <constraints>
                                    <constraint firstAttribute="height" constant="164" id="Mbj-u1-mGi"/>
                                </constraints>
                            </imageView>
                            <textField opaque="NO" contentMode="scaleToFill" contentHorizontalAlignment="left" contentVerticalAlignment="center" borderStyle="roundedRect" placeholder="Enter recipe name" textAlignment="natural" minimumFontSize="17" translatesAutoresizingMaskIntoConstraints="NO" id="SxM-Ha-to0">
                                <rect key="frame" x="78" y="88" width="258" height="34"/>
                                <constraints>
                                    <constraint firstAttribute="height" constant="34" id="h9g-SU-EHE"/>
                                </constraints>
                                <fontDescription key="fontDescription" type="system" pointSize="14"/>
                                <textInputTraits key="textInputTraits"/>
                            </textField>
                            <textField opaque="NO" userInteractionEnabled="NO" contentMode="scaleToFill" enabled="NO" contentHorizontalAlignment="left" contentVerticalAlignment="center" text="Write your recipe below:" borderStyle="roundedRect" textAlignment="natural" minimumFontSize="17" translatesAutoresizingMaskIntoConstraints="NO" id="e9G-8m-gi6">
                                <rect key="frame" x="78" y="374" width="258" height="34"/>
                                <color key="textColor" name="AccentColor"/>
                                <fontDescription key="fontDescription" type="system" pointSize="14"/>
                                <textInputTraits key="textInputTraits"/>
                            </textField>
                            <textView clipsSubviews="YES" multipleTouchEnabled="YES" contentMode="scaleToFill" textAlignment="natural" translatesAutoresizingMaskIntoConstraints="NO" id="3U5-6n-ZT2">
                                <rect key="frame" x="78" y="416" width="258" height="263"/>
                                <color key="backgroundColor" systemColor="opaqueSeparatorColor"/>
                                <constraints>
                                    <constraint firstAttribute="height" constant="263" id="8eT-Gf-XGN"/>
                                </constraints>
                                <color key="textColor" systemColor="labelColor"/>
                                <fontDescription key="fontDescription" type="system" pointSize="14"/>
                                <textInputTraits key="textInputTraits" autocapitalizationType="sentences"/>
                            </textView>
                            <button contentMode="scaleToFill" verticalCompressionResistancePriority="751" fixedFrame="YES" contentHorizontalAlignment="center" contentVerticalAlignment="center" buttonType="system" lineBreakMode="middleTruncation" translatesAutoresizingMaskIntoConstraints="NO" id="UuK-eL-3ir">
                                <rect key="frame" x="153" y="706" width="125" height="31"/>
                                <autoresizingMask key="autoresizingMask" flexibleMaxX="YES" flexibleMaxY="YES"/>
                                <color key="backgroundColor" name="AccentColor"/>
                                <color key="tintColor" systemColor="systemBackgroundColor"/>
                                <state key="normal" title="Button"/>
                                <buttonConfiguration key="configuration" style="plain" title="Post"/>
                                <connections>
                                    <action selector="postTapped:" destination="TRy-AR-raZ" eventType="touchUpInside" id="Aiz-Ma-Cfy"/>
                                </connections>
                            </button>
                        </subviews>
                        <viewLayoutGuide key="safeArea" id="DFR-Bm-l7A"/>
                        <color key="backgroundColor" systemColor="systemBackgroundColor"/>
                        <constraints>
                            <constraint firstItem="zly-BP-vmI" firstAttribute="top" secondItem="LpP-Ft-G3b" secondAttribute="bottom" constant="8" symbolic="YES" id="6pk-O7-EdN"/>
                            <constraint firstItem="3U5-6n-ZT2" firstAttribute="trailing" secondItem="SxM-Ha-to0" secondAttribute="trailing" id="7rg-sl-dLS"/>
                            <constraint firstItem="e9G-8m-gi6" firstAttribute="top" secondItem="vyT-hr-Yrr" secondAttribute="top" constant="374" id="BvB-Ry-QT7"/>
                            <constraint firstItem="3U5-6n-ZT2" firstAttribute="trailing" secondItem="LpP-Ft-G3b" secondAttribute="trailing" id="GJ7-G2-Yjs"/>
                            <constraint firstItem="e9G-8m-gi6" firstAttribute="leading" secondItem="DFR-Bm-l7A" secondAttribute="leading" constant="78" id="J5r-lJ-HBA"/>
                            <constraint firstItem="LpP-Ft-G3b" firstAttribute="top" secondItem="SxM-Ha-to0" secondAttribute="bottom" constant="8" symbolic="YES" id="Ma2-hO-6Pw"/>
                            <constraint firstItem="e9G-8m-gi6" firstAttribute="centerX" secondItem="vyT-hr-Yrr" secondAttribute="centerX" id="Sck-gi-qEd"/>
                            <constraint firstItem="e9G-8m-gi6" firstAttribute="top" secondItem="zly-BP-vmI" secondAttribute="bottom" constant="30" id="bGx-dC-Rt7"/>
                            <constraint firstItem="3U5-6n-ZT2" firstAttribute="top" secondItem="e9G-8m-gi6" secondAttribute="bottom" constant="8" symbolic="YES" id="ddB-V6-DV5"/>
                            <constraint firstItem="3U5-6n-ZT2" firstAttribute="leading" secondItem="SxM-Ha-to0" secondAttribute="leading" id="j9t-GO-tiz"/>
                            <constraint firstItem="3U5-6n-ZT2" firstAttribute="leading" secondItem="e9G-8m-gi6" secondAttribute="leading" id="rNq-Ig-Med"/>
                            <constraint firstItem="3U5-6n-ZT2" firstAttribute="trailing" secondItem="e9G-8m-gi6" secondAttribute="trailing" id="saK-iT-C0k"/>
                            <constraint firstItem="3U5-6n-ZT2" firstAttribute="leading" secondItem="zly-BP-vmI" secondAttribute="leading" id="sig-FQ-MM9"/>
                            <constraint firstItem="3U5-6n-ZT2" firstAttribute="trailing" secondItem="zly-BP-vmI" secondAttribute="trailing" id="wMg-a9-UnW"/>
                            <constraint firstItem="3U5-6n-ZT2" firstAttribute="leading" secondItem="LpP-Ft-G3b" secondAttribute="leading" id="z6r-cT-ZRX"/>
                        </constraints>
                    </view>
                    <navigationItem key="navigationItem" id="e2O-C5-0fw"/>
                    <connections>
                        <outlet property="myImageView" destination="zly-BP-vmI" id="Cen-y0-dYl"/>
                        <outlet property="recipeText" destination="3U5-6n-ZT2" id="TtT-Y2-aKh"/>
                        <outlet property="txtText" destination="SxM-Ha-to0" id="XIB-IL-s59"/>
                    </connections>
                </viewController>
                <placeholder placeholderIdentifier="IBFirstResponder" id="0cE-Il-jhU" userLabel="First Responder" customClass="UIResponder" sceneMemberID="firstResponder"/>
            </objects>
            <point key="canvasLocation" x="5198.5507246376819" y="1225.4464285714284"/>
        </scene>
        <!--Retrive View Controller-->
        <scene sceneID="16j-G9-KGe">
            <objects>
                <viewController id="G0k-yI-fQd" customClass="RetriveViewController" customModule="KhaiDai" customModuleProvider="target" sceneMemberID="viewController">
                    <view key="view" contentMode="scaleToFill" id="zP3-Cv-dYG" customClass="TableViewController">
                        <rect key="frame" x="0.0" y="0.0" width="414" height="896"/>
                        <autoresizingMask key="autoresizingMask" widthSizable="YES" heightSizable="YES"/>
                        <subviews>
                            <tableView clipsSubviews="YES" contentMode="scaleToFill" alwaysBounceVertical="YES" dataMode="prototypes" style="plain" separatorStyle="default" rowHeight="-1" estimatedRowHeight="-1" sectionHeaderHeight="-1" estimatedSectionHeaderHeight="-1" sectionFooterHeight="-1" estimatedSectionFooterHeight="-1" translatesAutoresizingMaskIntoConstraints="NO" id="Tw6-vR-Sdh">
                                <rect key="frame" x="16" y="44" width="382" height="769"/>
                                <color key="backgroundColor" systemColor="systemBackgroundColor"/>
                                <prototypes>
                                    <tableViewCell clipsSubviews="YES" contentMode="scaleToFill" insetsLayoutMarginsFromSafeArea="NO" selectionStyle="blue" hidesAccessoryWhenEditing="NO" indentationLevel="1" indentationWidth="0.0" rowHeight="472" id="AED-Aj-zWl" customClass="TableViewCell" customModule="KhaiDai" customModuleProvider="target">
                                        <rect key="frame" x="0.0" y="44.5" width="382" height="472"/>
                                        <autoresizingMask key="autoresizingMask"/>
                                        <tableViewCellContentView key="contentView" opaque="NO" clipsSubviews="YES" multipleTouchEnabled="YES" contentMode="center" insetsLayoutMarginsFromSafeArea="NO" tableViewCell="AED-Aj-zWl" id="jI0-0K-5aD">
                                            <rect key="frame" x="0.0" y="0.0" width="382" height="472"/>
                                            <autoresizingMask key="autoresizingMask"/>
                                            <subviews>
                                                <imageView clipsSubviews="YES" userInteractionEnabled="NO" contentMode="scaleAspectFit" horizontalHuggingPriority="251" verticalHuggingPriority="251" fixedFrame="YES" translatesAutoresizingMaskIntoConstraints="NO" id="lAP-PA-Bml">
                                                    <rect key="frame" x="0.0" y="0.0" width="390" height="144"/>
                                                    <autoresizingMask key="autoresizingMask" flexibleMaxX="YES" flexibleMaxY="YES"/>
                                                </imageView>
                                                <label opaque="NO" userInteractionEnabled="NO" contentMode="left" horizontalHuggingPriority="251" verticalHuggingPriority="251" fixedFrame="YES" text="Label" textAlignment="center" lineBreakMode="tailTruncation" baselineAdjustment="alignBaselines" adjustsFontSizeToFit="NO" translatesAutoresizingMaskIntoConstraints="NO" id="nME-YJ-J9R">
                                                    <rect key="frame" x="64" y="152" width="268" height="42"/>
                                                    <autoresizingMask key="autoresizingMask" flexibleMaxX="YES" flexibleMaxY="YES"/>
                                                    <fontDescription key="fontDescription" type="system" pointSize="17"/>
                                                    <nil key="textColor"/>
                                                    <nil key="highlightedColor"/>
                                                </label>
                                                <textView clipsSubviews="YES" multipleTouchEnabled="YES" contentMode="scaleToFill" fixedFrame="YES" textAlignment="natural" translatesAutoresizingMaskIntoConstraints="NO" id="Fig-2v-Ab1">
                                                    <rect key="frame" x="0.0" y="202" width="382" height="270"/>
                                                    <autoresizingMask key="autoresizingMask" flexibleMaxX="YES" flexibleMaxY="YES"/>
                                                    <color key="backgroundColor" systemColor="systemBackgroundColor"/>
                                                    <string key="text">Lorem ipsum dolor sit er elit lamet, consectetaur cillium adipisicing pecu, sed do eiusmod tempor incididunt ut labore et dolore magna aliqua. Ut enim ad minim veniam, quis nostrud exercitation ullamco laboris nisi ut aliquip ex ea commodo consequat. Duis aute irure dolor in reprehenderit in voluptate velit esse cillum dolore eu fugiat nulla pariatur. Excepteur sint occaecat cupidatat non proident, sunt in culpa qui officia deserunt mollit anim id est laborum. Nam liber te conscient to factor tum poen legum odioque civiuda.</string>
                                                    <color key="textColor" systemColor="labelColor"/>
                                                    <fontDescription key="fontDescription" type="system" pointSize="14"/>
                                                    <textInputTraits key="textInputTraits" autocapitalizationType="sentences"/>
                                                </textView>
                                            </subviews>
                                        </tableViewCellContentView>
                                        <connections>
                                            <outlet property="LabelName" destination="nME-YJ-J9R" id="oMg-sr-cWg"/>
                                            <outlet property="RecipeImage" destination="lAP-PA-Bml" id="UsV-bZ-bHY"/>
                                            <outlet property="RecipeText" destination="Fig-2v-Ab1" id="jnk-56-aEp"/>
                                        </connections>
                                    </tableViewCell>
                                </prototypes>
                                <connections>
                                    <outlet property="dataSource" destination="G0k-yI-fQd" id="z1v-gX-Hsf"/>
                                    <outlet property="delegate" destination="G0k-yI-fQd" id="qKR-Ut-hEU"/>
                                </connections>
                            </tableView>
                        </subviews>
                        <viewLayoutGuide key="safeArea" id="6AJ-Es-Z30"/>
                        <color key="backgroundColor" systemColor="systemBackgroundColor"/>
                        <constraints>
                            <constraint firstItem="Tw6-vR-Sdh" firstAttribute="leading" secondItem="6AJ-Es-Z30" secondAttribute="leading" constant="16" id="5pX-ky-k3q"/>
                            <constraint firstItem="6AJ-Es-Z30" firstAttribute="trailing" secondItem="Tw6-vR-Sdh" secondAttribute="trailing" constant="16" id="710-GA-rHh"/>
                            <constraint firstItem="Tw6-vR-Sdh" firstAttribute="top" secondItem="6AJ-Es-Z30" secondAttribute="top" id="Dx7-AL-KLH"/>
                            <constraint firstItem="Tw6-vR-Sdh" firstAttribute="bottom" secondItem="6AJ-Es-Z30" secondAttribute="bottom" id="dvC-8k-g3Y"/>
                        </constraints>
                    </view>
                    <navigationItem key="navigationItem" id="QY1-3b-lfS"/>
                    <connections>
                        <outlet property="Tableview" destination="Tw6-vR-Sdh" id="vld-k4-nwC"/>
                    </connections>
                </viewController>
                <placeholder placeholderIdentifier="IBFirstResponder" id="PGl-2R-t3Y" userLabel="First Responder" customClass="UIResponder" sceneMemberID="firstResponder"/>
            </objects>
            <point key="canvasLocation" x="3495.652173913044" y="-98.4375"/>
        </scene>
        <!--Settings-->
        <scene sceneID="qMZ-Un-uaA">
            <objects>
                <viewController id="4UZ-WX-YC0" customClass="Settings" sceneMemberID="viewController">
                    <view key="view" contentMode="scaleToFill" id="Z9b-05-ZcZ">
                        <rect key="frame" x="0.0" y="0.0" width="414" height="896"/>
                        <autoresizingMask key="autoresizingMask" widthSizable="YES" heightSizable="YES"/>
                        <viewLayoutGuide key="safeArea" id="M3v-kr-dg7"/>
                        <color key="backgroundColor" systemColor="systemBackgroundColor"/>
                    </view>
                    <navigationItem key="navigationItem" id="4Kx-BE-1F8"/>
                </viewController>
                <placeholder placeholderIdentifier="IBFirstResponder" id="Cgg-em-4rE" userLabel="First Responder" customClass="UIResponder" sceneMemberID="firstResponder"/>
            </objects>
            <point key="canvasLocation" x="4513" y="-62"/>
        </scene>
        <!--About-->
        <scene sceneID="ICL-ul-8OT">
            <objects>
                <viewController id="115-CE-gkz" customClass="About" sceneMemberID="viewController">
                    <view key="view" contentMode="scaleToFill" id="r5M-8B-ihP">
                        <rect key="frame" x="0.0" y="0.0" width="414" height="896"/>
                        <autoresizingMask key="autoresizingMask" widthSizable="YES" heightSizable="YES"/>
                        <viewLayoutGuide key="safeArea" id="C86-k8-I27"/>
                        <color key="backgroundColor" systemColor="systemBackgroundColor"/>
                    </view>
                    <navigationItem key="navigationItem" id="0Ch-7I-h37"/>
                </viewController>
                <placeholder placeholderIdentifier="IBFirstResponder" id="1fj-Au-gh7" userLabel="First Responder" customClass="UIResponder" sceneMemberID="firstResponder"/>
            </objects>
            <point key="canvasLocation" x="5964" y="388"/>
        </scene>
        <!--Sign Up View Controller-->
        <scene sceneID="vsG-2V-5nq">
            <objects>
                <viewController id="EP4-zf-DYE" customClass="SignUpViewController" customModule="KhaiDai" customModuleProvider="target" sceneMemberID="viewController">
                    <view key="view" contentMode="scaleToFill" id="BAe-xY-I6i">
                        <rect key="frame" x="0.0" y="0.0" width="414" height="896"/>
                        <autoresizingMask key="autoresizingMask" widthSizable="YES" heightSizable="YES"/>
                        <subviews>
                            <stackView opaque="NO" contentMode="scaleToFill" axis="vertical" spacing="20" translatesAutoresizingMaskIntoConstraints="NO" id="kwH-DR-vbG">
                                <rect key="frame" x="40" y="84" width="334" height="320.5"/>
                                <subviews>
                                    <textField opaque="NO" contentMode="scaleToFill" contentHorizontalAlignment="left" contentVerticalAlignment="center" borderStyle="roundedRect" placeholder="First Name" textAlignment="natural" minimumFontSize="17" translatesAutoresizingMaskIntoConstraints="NO" id="lgc-zr-c6y">
                                        <rect key="frame" x="0.0" y="0.0" width="334" height="40"/>
                                        <fontDescription key="fontDescription" type="system" pointSize="14"/>
                                        <textInputTraits key="textInputTraits"/>
                                    </textField>
                                    <textField opaque="NO" contentMode="scaleToFill" contentHorizontalAlignment="left" contentVerticalAlignment="center" borderStyle="roundedRect" placeholder="Last Name" textAlignment="natural" minimumFontSize="17" translatesAutoresizingMaskIntoConstraints="NO" id="QdG-Tf-guJ">
                                        <rect key="frame" x="0.0" y="60" width="334" height="40"/>
                                        <fontDescription key="fontDescription" type="system" pointSize="14"/>
                                        <textInputTraits key="textInputTraits"/>
                                    </textField>
                                    <textField opaque="NO" contentMode="scaleToFill" contentHorizontalAlignment="left" contentVerticalAlignment="center" borderStyle="roundedRect" placeholder="Email" textAlignment="natural" minimumFontSize="17" translatesAutoresizingMaskIntoConstraints="NO" id="dCx-nA-Kmk">
                                        <rect key="frame" x="0.0" y="120" width="334" height="40"/>
                                        <fontDescription key="fontDescription" type="system" pointSize="14"/>
                                        <textInputTraits key="textInputTraits"/>
                                    </textField>
                                    <textField opaque="NO" contentMode="scaleToFill" contentHorizontalAlignment="left" contentVerticalAlignment="center" borderStyle="roundedRect" placeholder="Password" textAlignment="natural" minimumFontSize="17" translatesAutoresizingMaskIntoConstraints="NO" id="xyt-wM-YLG">
                                        <rect key="frame" x="0.0" y="180" width="334" height="40"/>
                                        <fontDescription key="fontDescription" type="system" pointSize="14"/>
                                        <textInputTraits key="textInputTraits" secureTextEntry="YES"/>
                                    </textField>
                                    <button opaque="NO" contentMode="scaleToFill" contentHorizontalAlignment="center" contentVerticalAlignment="center" buttonType="system" lineBreakMode="middleTruncation" translatesAutoresizingMaskIntoConstraints="NO" id="mrm-T1-ggF">
                                        <rect key="frame" x="0.0" y="240" width="334" height="40"/>
                                        <constraints>
                                            <constraint firstAttribute="height" constant="40" id="b2h-Nh-w37"/>
                                        </constraints>
                                        <state key="normal" title="Button"/>
                                        <buttonConfiguration key="configuration" style="plain" title="Sign Up"/>
                                        <connections>
                                            <action selector="SignUpTapped:" destination="EP4-zf-DYE" eventType="touchUpInside" id="n8z-VJ-w3j"/>
                                            <segue destination="b5N-BN-ovh" kind="show" id="aO2-ND-Q6E"/>
                                        </connections>
                                    </button>
                                    <label opaque="NO" userInteractionEnabled="NO" contentMode="left" horizontalHuggingPriority="251" verticalHuggingPriority="251" text="Error" textAlignment="center" lineBreakMode="tailTruncation" baselineAdjustment="alignBaselines" adjustsFontSizeToFit="NO" translatesAutoresizingMaskIntoConstraints="NO" id="KH6-J1-aY8">
                                        <rect key="frame" x="0.0" y="300" width="334" height="20.5"/>
                                        <fontDescription key="fontDescription" type="system" pointSize="17"/>
                                        <color key="textColor" systemColor="systemPinkColor"/>
                                        <nil key="highlightedColor"/>
                                    </label>
                                </subviews>
                                <constraints>
                                    <constraint firstItem="mrm-T1-ggF" firstAttribute="height" secondItem="lgc-zr-c6y" secondAttribute="height" id="8HD-Te-Jam"/>
                                    <constraint firstItem="QdG-Tf-guJ" firstAttribute="height" secondItem="lgc-zr-c6y" secondAttribute="height" id="F0j-Qf-Yb0"/>
                                    <constraint firstItem="dCx-nA-Kmk" firstAttribute="height" secondItem="lgc-zr-c6y" secondAttribute="height" id="Kis-zv-1Gg"/>
                                    <constraint firstItem="xyt-wM-YLG" firstAttribute="height" secondItem="lgc-zr-c6y" secondAttribute="height" id="LeZ-vL-BhM"/>
                                </constraints>
                            </stackView>
                        </subviews>
                        <viewLayoutGuide key="safeArea" id="xSO-N8-0Pn"/>
                        <color key="backgroundColor" systemColor="systemBackgroundColor"/>
                        <constraints>
                            <constraint firstItem="kwH-DR-vbG" firstAttribute="leading" secondItem="xSO-N8-0Pn" secondAttribute="leading" constant="40" id="6iM-g2-Z00"/>
                            <constraint firstItem="xSO-N8-0Pn" firstAttribute="trailing" secondItem="kwH-DR-vbG" secondAttribute="trailing" constant="40" id="TvL-LQ-AnY"/>
                            <constraint firstItem="kwH-DR-vbG" firstAttribute="top" secondItem="xSO-N8-0Pn" secondAttribute="top" constant="40" id="bnu-Jc-CQy"/>
                        </constraints>
                    </view>
                    <navigationItem key="navigationItem" id="ygn-m4-tke"/>
                    <connections>
                        <outlet property="EmailTextField" destination="dCx-nA-Kmk" id="N10-5q-nmH"/>
                        <outlet property="ErrorLabel" destination="KH6-J1-aY8" id="em2-Ge-ml6"/>
                        <outlet property="FirstNameTextField" destination="lgc-zr-c6y" id="aqx-oo-0Sw"/>
                        <outlet property="LastNameTextField" destination="QdG-Tf-guJ" id="FfR-QT-ebq"/>
                        <outlet property="PasswordTextField" destination="xyt-wM-YLG" id="kpJ-mr-BPd"/>
                        <outlet property="SignUpButton" destination="mrm-T1-ggF" id="D6w-Ov-fxX"/>
                    </connections>
                </viewController>
                <placeholder placeholderIdentifier="IBFirstResponder" id="h5p-96-CMF" userLabel="First Responder" customClass="UIResponder" sceneMemberID="firstResponder"/>
            </objects>
            <point key="canvasLocation" x="1711.5942028985507" y="81.696428571428569"/>
        </scene>
        <!--Log In View Controller-->
        <scene sceneID="Swj-hz-HTY">
            <objects>
                <viewController id="k7Y-Ew-191" customClass="LogInViewController" customModule="KhaiDai" customModuleProvider="target" sceneMemberID="viewController">
                    <view key="view" contentMode="scaleToFill" id="yET-Y0-RWa">
                        <rect key="frame" x="0.0" y="0.0" width="414" height="896"/>
                        <autoresizingMask key="autoresizingMask" widthSizable="YES" heightSizable="YES"/>
                        <subviews>
                            <stackView opaque="NO" contentMode="scaleToFill" axis="vertical" spacing="20" translatesAutoresizingMaskIntoConstraints="NO" id="9pb-Qi-Gge">
                                <rect key="frame" x="40" y="84" width="334" height="200.5"/>
                                <subviews>
                                    <textField opaque="NO" contentMode="scaleToFill" contentHorizontalAlignment="left" contentVerticalAlignment="center" borderStyle="roundedRect" textAlignment="natural" minimumFontSize="17" translatesAutoresizingMaskIntoConstraints="NO" id="Ydr-4V-bfT">
                                        <rect key="frame" x="0.0" y="0.0" width="334" height="40"/>
                                        <fontDescription key="fontDescription" type="system" pointSize="14"/>
                                        <textInputTraits key="textInputTraits"/>
                                    </textField>
                                    <textField opaque="NO" contentMode="scaleToFill" contentHorizontalAlignment="left" contentVerticalAlignment="center" borderStyle="roundedRect" textAlignment="natural" minimumFontSize="17" translatesAutoresizingMaskIntoConstraints="NO" id="EHm-GG-a3H">
                                        <rect key="frame" x="0.0" y="60" width="334" height="40"/>
                                        <fontDescription key="fontDescription" type="system" pointSize="14"/>
                                        <textInputTraits key="textInputTraits"/>
                                    </textField>
                                    <button opaque="NO" contentMode="scaleToFill" contentHorizontalAlignment="center" contentVerticalAlignment="center" buttonType="system" lineBreakMode="middleTruncation" translatesAutoresizingMaskIntoConstraints="NO" id="fj8-jP-hsu">
                                        <rect key="frame" x="0.0" y="120" width="334" height="40"/>
                                        <constraints>
                                            <constraint firstAttribute="height" constant="40" id="mTl-gH-LYQ"/>
                                        </constraints>
                                        <state key="normal" title="Button"/>
                                        <buttonConfiguration key="configuration" style="plain" title="Log In"/>
                                        <connections>
                                            <action selector="LogInTapped:" destination="k7Y-Ew-191" eventType="touchUpInside" id="4hB-Ac-dYG"/>
                                            <segue destination="b5N-BN-ovh" kind="show" id="sr5-i1-8Mi"/>
                                        </connections>
                                    </button>
                                    <label opaque="NO" userInteractionEnabled="NO" contentMode="left" horizontalHuggingPriority="251" verticalHuggingPriority="251" text="Error" textAlignment="center" lineBreakMode="tailTruncation" baselineAdjustment="alignBaselines" adjustsFontSizeToFit="NO" translatesAutoresizingMaskIntoConstraints="NO" id="riH-rO-F6U">
                                        <rect key="frame" x="0.0" y="180" width="334" height="20.5"/>
                                        <fontDescription key="fontDescription" type="system" pointSize="17"/>
                                        <color key="textColor" systemColor="systemPinkColor"/>
                                        <nil key="highlightedColor"/>
                                    </label>
                                </subviews>
                                <constraints>
                                    <constraint firstItem="fj8-jP-hsu" firstAttribute="height" secondItem="Ydr-4V-bfT" secondAttribute="height" id="IGp-QX-058"/>
                                    <constraint firstItem="EHm-GG-a3H" firstAttribute="height" secondItem="Ydr-4V-bfT" secondAttribute="height" id="RZs-sf-ZIt"/>
                                </constraints>
                            </stackView>
                        </subviews>
                        <viewLayoutGuide key="safeArea" id="xm6-FD-yZ2"/>
                        <color key="backgroundColor" systemColor="systemBackgroundColor"/>
                        <constraints>
                            <constraint firstItem="9pb-Qi-Gge" firstAttribute="leading" secondItem="xm6-FD-yZ2" secondAttribute="leading" constant="40" id="9fb-CA-JjE"/>
                            <constraint firstItem="xm6-FD-yZ2" firstAttribute="trailing" secondItem="9pb-Qi-Gge" secondAttribute="trailing" constant="40" id="O71-oP-IKw"/>
                            <constraint firstItem="9pb-Qi-Gge" firstAttribute="top" secondItem="xm6-FD-yZ2" secondAttribute="top" constant="40" id="zES-33-aIR"/>
                        </constraints>
                    </view>
                    <navigationItem key="navigationItem" id="LyV-7d-gIb"/>
                    <connections>
                        <outlet property="EmailTextField" destination="Ydr-4V-bfT" id="9Si-CO-Xog"/>
                        <outlet property="ErrorLabel" destination="riH-rO-F6U" id="19v-r3-Bp3"/>
                        <outlet property="LogInButton" destination="fj8-jP-hsu" id="7tV-o5-Bie"/>
                        <outlet property="PasswordTextField" destination="EHm-GG-a3H" id="Gnx-aT-Qen"/>
                    </connections>
                </viewController>
                <placeholder placeholderIdentifier="IBFirstResponder" id="3Z0-Zc-gPO" userLabel="First Responder" customClass="UIResponder" sceneMemberID="firstResponder"/>
            </objects>
            <point key="canvasLocation" x="1743" y="833"/>
        </scene>
    </scenes>
    <inferredMetricsTieBreakers>
        <segue reference="sr5-i1-8Mi"/>
        <segue reference="nWJ-WA-d0u"/>
    </inferredMetricsTieBreakers>
    <color key="tintColor" name="AccentColor"/>
    <resources>
        <namedColor name="AccentColor">
            <color red="0.0" green="0.46000000000000002" blue="0.89000000000000001" alpha="1" colorSpace="custom" customColorSpace="sRGB"/>
        </namedColor>
        <systemColor name="labelColor">
            <color white="0.0" alpha="1" colorSpace="custom" customColorSpace="genericGamma22GrayColorSpace"/>
        </systemColor>
        <systemColor name="opaqueSeparatorColor">
            <color red="0.77647058823529413" green="0.77647058823529413" blue="0.78431372549019607" alpha="1" colorSpace="custom" customColorSpace="sRGB"/>
        </systemColor>
        <systemColor name="systemBackgroundColor">
            <color white="1" alpha="1" colorSpace="custom" customColorSpace="genericGamma22GrayColorSpace"/>
        </systemColor>
        <systemColor name="systemGray4Color">
            <color red="0.81960784313725488" green="0.81960784313725488" blue="0.83921568627450982" alpha="1" colorSpace="custom" customColorSpace="sRGB"/>
        </systemColor>
        <systemColor name="systemOrangeColor">
            <color red="1" green="0.58431372549019611" blue="0.0" alpha="1" colorSpace="custom" customColorSpace="sRGB"/>
        </systemColor>
        <systemColor name="systemPinkColor">
            <color red="1" green="0.17647058823529413" blue="0.33333333333333331" alpha="1" colorSpace="custom" customColorSpace="sRGB"/>
        </systemColor>
    </resources>
</document>
