<?xml version="1.0" encoding="UTF-8"?>
<document type="com.apple.InterfaceBuilder3.CocoaTouch.Storyboard.XIB" version="3.0" toolsVersion="19162" targetRuntime="iOS.CocoaTouch" propertyAccessControl="none" useAutolayout="YES" useTraitCollections="YES" useSafeAreas="YES" colorMatched="YES" initialViewController="9jA-cT-v3y">
    <device id="retina6_1" orientation="portrait" appearance="light"/>
    <dependencies>
        <plugIn identifier="com.apple.InterfaceBuilder.IBCocoaTouchPlugin" version="19144"/>
        <capability name="Safe area layout guides" minToolsVersion="9.0"/>
        <capability name="System colors in document resources" minToolsVersion="11.0"/>
        <capability name="documents saved in the Xcode 8 format" minToolsVersion="8.0"/>
    </dependencies>
    <scenes>
        <!--View Controller-->
        <scene sceneID="tne-QT-ifu">
            <objects>
                <viewController id="BYZ-38-t0r" customClass="ViewController" customModule="Json" customModuleProvider="target" sceneMemberID="viewController">
                    <view key="view" contentMode="scaleToFill" id="8bC-Xf-vdC">
                        <rect key="frame" x="0.0" y="0.0" width="414" height="896"/>
                        <autoresizingMask key="autoresizingMask" widthSizable="YES" heightSizable="YES"/>
                        <subviews>
                            <button contentMode="scaleToFill" fixedFrame="YES" contentHorizontalAlignment="center" contentVerticalAlignment="center" buttonType="system" lineBreakMode="middleTruncation" translatesAutoresizingMaskIntoConstraints="NO" id="c3X-JP-qNG">
                                <rect key="frame" x="113" y="380" width="185" height="42"/>
                                <autoresizingMask key="autoresizingMask" flexibleMaxX="YES" flexibleMaxY="YES"/>
                                <state key="normal" title="Button"/>
                                <buttonConfiguration key="configuration" style="plain" title="Json text">
                                    <backgroundConfiguration key="background">
                                        <color key="backgroundColor" systemColor="linkColor"/>
                                    </backgroundConfiguration>
                                    <color key="baseForegroundColor" systemColor="labelColor"/>
                                </buttonConfiguration>
                                <connections>
                                    <segue destination="msF-L7-i5v" kind="show" id="LQL-NE-R3l"/>
                                </connections>
                            </button>
                        </subviews>
                        <viewLayoutGuide key="safeArea" id="6Tk-OE-BBY"/>
                        <color key="backgroundColor" systemColor="systemBackgroundColor"/>
                    </view>
                    <navigationItem key="navigationItem" id="5OJ-Fk-Nwh"/>
                </viewController>
                <placeholder placeholderIdentifier="IBFirstResponder" id="dkx-z0-nzr" sceneMemberID="firstResponder"/>
            </objects>
            <point key="canvasLocation" x="928.98550724637687" y="81.696428571428569"/>
        </scene>
        <!--Json View Controller-->
        <scene sceneID="o2S-fi-BBY">
            <objects>
                <viewController id="msF-L7-i5v" customClass="JsonViewController" customModule="Json" customModuleProvider="target" sceneMemberID="viewController">
                    <view key="view" contentMode="scaleToFill" id="zYZ-yJ-Iw8">
                        <rect key="frame" x="0.0" y="0.0" width="414" height="896"/>
                        <autoresizingMask key="autoresizingMask" widthSizable="YES" heightSizable="YES"/>
                        <subviews>
                            <textView clipsSubviews="YES" multipleTouchEnabled="YES" contentMode="scaleToFill" fixedFrame="YES" textAlignment="natural" translatesAutoresizingMaskIntoConstraints="NO" id="hIT-Tb-hc0">
                                <rect key="frame" x="53" y="222" width="300" height="607"/>
                                <autoresizingMask key="autoresizingMask" flexibleMaxX="YES" flexibleMaxY="YES"/>
                                <color key="backgroundColor" systemColor="systemBackgroundColor"/>
                                <color key="textColor" white="0.0" alpha="1" colorSpace="custom" customColorSpace="genericGamma22GrayColorSpace"/>
                                <fontDescription key="fontDescription" type="system" pointSize="16"/>
                                <textInputTraits key="textInputTraits" autocapitalizationType="sentences"/>
                            </textView>
                            <label opaque="NO" userInteractionEnabled="NO" contentMode="left" horizontalHuggingPriority="251" verticalHuggingPriority="251" fixedFrame="YES" text="Developer Information" textAlignment="center" lineBreakMode="tailTruncation" baselineAdjustment="alignBaselines" adjustsFontSizeToFit="NO" translatesAutoresizingMaskIntoConstraints="NO" id="037-SV-Eac">
                                <rect key="frame" x="86" y="131" width="227" height="49"/>
                                <autoresizingMask key="autoresizingMask" flexibleMaxX="YES" flexibleMaxY="YES"/>
                                <color key="backgroundColor" systemColor="systemGray2Color"/>
                                <fontDescription key="fontDescription" type="system" pointSize="17"/>
                                <nil key="textColor"/>
                                <nil key="highlightedColor"/>
                            </label>
                        </subviews>
                        <viewLayoutGuide key="safeArea" id="bmN-wl-JAY"/>
                        <color key="backgroundColor" systemColor="systemBackgroundColor"/>
                    </view>
                    <navigationItem key="navigationItem" id="Yws-JV-6US"/>
                    <connections>
                        <outlet property="about" destination="hIT-Tb-hc0" id="SQN-3j-BvP"/>
                    </connections>
                </viewController>
                <placeholder placeholderIdentifier="IBFirstResponder" id="aVj-Fy-xC0" userLabel="First Responder" customClass="UIResponder" sceneMemberID="firstResponder"/>
            </objects>
            <point key="canvasLocation" x="1605.7971014492755" y="81.696428571428569"/>
        </scene>
        <!--Navigation Controller-->
        <scene sceneID="GfQ-R3-ilA">
            <objects>
                <navigationController automaticallyAdjustsScrollViewInsets="NO" id="9jA-cT-v3y" sceneMemberID="viewController">
                    <toolbarItems/>
                    <navigationBar key="navigationBar" contentMode="scaleToFill" id="Jc5-Pr-qLQ">
                        <rect key="frame" x="0.0" y="44" width="414" height="44"/>
                        <autoresizingMask key="autoresizingMask"/>
                    </navigationBar>
                    <nil name="viewControllers"/>
                    <connections>
                        <segue destination="BYZ-38-t0r" kind="relationship" relationship="rootViewController" id="mh2-Jc-NOf"/>
                    </connections>
                </navigationController>
                <placeholder placeholderIdentifier="IBFirstResponder" id="5xA-14-Oxd" userLabel="First Responder" customClass="UIResponder" sceneMemberID="firstResponder"/>
            </objects>
            <point key="canvasLocation" x="18.840579710144929" y="81.696428571428569"/>
        </scene>
    </scenes>
    <resources>
        <systemColor name="labelColor">
            <color white="0.0" alpha="1" colorSpace="custom" customColorSpace="genericGamma22GrayColorSpace"/>
        </systemColor>
        <systemColor name="linkColor">
            <color red="0.0" green="0.47843137254901963" blue="1" alpha="1" colorSpace="custom" customColorSpace="sRGB"/>
        </systemColor>
        <systemColor name="systemBackgroundColor">
            <color white="1" alpha="1" colorSpace="custom" customColorSpace="genericGamma22GrayColorSpace"/>
        </systemColor>
        <systemColor name="systemGray2Color">
            <color red="0.68235294117647061" green="0.68235294117647061" blue="0.69803921568627447" alpha="1" colorSpace="custom" customColorSpace="sRGB"/>
        </systemColor>
    </resources>
</document>
